id;week_value;week_day_value;period_value;location
1;disintermediate Cambridgeshire hacking;bricks-and-clicks Concrete Global;Fiji Dollar Profound Bacon;Macao Equatorial Guinea Vision-oriented
2;Agent;Human deposit;even-keeled Saint Helena Pound;Internal AI optical
3;bypassing Marketing;Dynamic Home Loan Account Tools;Branding;Home Gloves Latvia
4;Ports Manager Fish;Networked;Fish;payment calculating
5;local area network Benin;turn-key dedicated;Wisconsin;target Human withdrawal
6;dot-com payment Libyan Dinar;white sensor local;calculate;Chips
7;Villages uniform PCI;Automotive Tactics architectures;Wisconsin Facilitator Incredible;reinvent
8;eco-centric Bedfordshire mesh;Configuration UIC-Franc;Ergonomic Concrete Soap Zambian Kwacha;Concrete Bedfordshire
9;portal calculating Metal;real-time discrete redundant;Synergistic Personal Loan Account Sleek;Borders
10;olive Handcrafted Cotton Bacon Unbranded Fresh Pants;incubate;interfaces;Garden Dale Wallis and Futuna
